{"cameraMode":{"drawMode":0,"name":"Shaded","section":"Shading Mode"},"sceneLighting":false,"audioPlay":false,"sceneViewState":{"showFog":true,"showMaterialUpdate":false,"showSkybox":true,"showFlares":true,"showImageEffects":true,"showParticleSystems":true},"in2DMode":false,"pivot":{"x":-5.891394138336182,"y":-6.827764987945557,"z":3.0599889755249025},"rotation":{"x":-0.05712215602397919,"y":0.8972413539886475,"z":-0.12186536192893982,"w":-0.42052826285362246},"size":9.620783805847168,"orthographic":false}